Algorithm,Fitness_Mean,Fitness_StdDev,Fitness_Min,Time_Mean_s,Time_StdDev_s
SPSO,25266.6806640625,1392.157856036065,22065.28125,2.237685465812683,0.0141428653605794
L-DPSO,18124.369140625,764.7146558607028,16997.3515625,2.2234603643417357,0.017966145996078153
C-DPSO,21843.234375,674.2839802740606,20923.728515625,2.1252647161483766,0.01646043762409898
