,GPU_Mean_ms,GPU_StdDev_ms,CPU_Mean_ms,CPU_StdDev_ms,Speedup_Factor
Scenario 2 (500 Particles),1.6494591236114502,0.24646196174227447,3.1976771354675293,0.07522310017666542,1.9386216303840826
