Algorithm,Fitness_Mean,Fitness_StdDev,Fitness_Min,Time_Mean_s,Time_StdDev_s
SPSO,26372.726953125,1901.510102447628,23009.177734375,2.2121954202651977,0.026403937953977264
L-DPSO,18974.208203125,810.41309081121,17475.57421875,2.1836413383483886,0.013961694697932854
C-DPSO,21827.6705078125,995.8830056191744,20292.47265625,2.079476523399353,0.029179555667239426
