,GPU_Mean_ms,GPU_StdDev_ms,CPU_Mean_ms,CPU_StdDev_ms,Speedup_Factor
Scenario 2 (500 Particles),1.6179041862487793,0.07412695568575339,3.2767958641052246,0.137708018072366,2.0253336952558967
