Algorithm,Fitness_Mean,Fitness_StdDev,Fitness_Min,Time_Mean_s,Time_StdDev_s
SPSO,25209.0640625,2154.2258163332135,20423.60546875,2.2897160768508913,0.014225893422228094
L-DPSO,18014.49921875,1152.8231815969627,16352.5546875,2.260798692703247,0.006153045591617442
C-DPSO,21567.88828125,624.2623094999124,20457.435546875,2.1442164182662964,0.03193875526656572
