,GPU_Mean_ms,GPU_StdDev_ms,CPU_Mean_ms,CPU_StdDev_ms,Speedup_Factor
Scenario 2 (500 Particles),1.65852952003479,0.07715282056524556,3.3165581226348877,0.14935765190853884,1.9996979749659916
