Algorithm,Fitness_Mean,Fitness_StdDev,Fitness_Min,Time_Mean_s,Time_StdDev_s
SPSO,25207.6396484375,1699.7370190281983,22321.685546875,2.268084716796875,0.0078097733405879805
L-DPSO,18586.832421875,1189.7554387079258,16825.544921875,2.252782773971558,0.00528401752055557
C-DPSO,21686.0140625,721.5619239705308,20216.392578125,2.140823006629944,0.010953631791491976
