,GPU_Mean_ms,GPU_StdDev_ms,CPU_Mean_ms,CPU_StdDev_ms,Speedup_Factor
Scenario 2 (500 Particles),1.601555347442627,0.06144466240575139,3.23797345161438,0.11938968193541011,2.021768062393095
