,GPU_Mean_ms,GPU_StdDev_ms,CPU_Mean_ms,CPU_StdDev_ms,Speedup_Factor
Scenario 2 (500 Particles),1.6410748958587646,0.07000349070522346,3.2952473163604736,0.1075577106305577,2.007981064530324
