Algorithm,Fitness_Mean,Fitness_StdDev,Fitness_Min,Time_Mean_s,Time_StdDev_s
SPSO,25539.0,1160.9111422325825,23910.359375,2.0569144010543825,0.007746950078736028
L-DPSO,18795.3111328125,763.5931485236141,17771.9921875,2.0337215423583985,0.010412278664865823
C-DPSO,21208.2603515625,900.1737085709083,19436.408203125,1.9188629388809204,0.01648544260086163
