Algorithm,Fitness_Mean,Fitness_StdDev,Fitness_Min,Time_Mean_s,Time_StdDev_s
SPSO,25586.6076171875,2407.938747658338,22186.54296875,2.2332574129104614,0.007109771288760741
L-DPSO,18292.1580078125,1546.3137490222448,16226.939453125,2.2140722990036013,0.004056746570550783
C-DPSO,21818.9205078125,1013.3444225862494,19728.3671875,2.1342522859573365,0.011376845284754362
