,GPU_Mean_ms,GPU_StdDev_ms,CPU_Mean_ms,CPU_StdDev_ms,Speedup_Factor
Scenario 2 (500 Particles),1.651749610900879,0.0675820592749201,3.2619996070861816,0.11535614306984109,1.974875359775056
