,GPU_Mean_ms,GPU_StdDev_ms,CPU_Mean_ms,CPU_StdDev_ms,Speedup_Factor
Scenario 2 (500 Particles),1.6220753192901611,0.04939110696469074,3.2780308723449707,0.05771059414820799,2.020886967061107
