Algorithm,Fitness_Mean,Fitness_StdDev,Fitness_Min,Time_Mean_s,Time_StdDev_s
SPSO,24741.8904296875,1336.4837295679126,22862.806640625,2.252212119102478,0.010799660366256753
L-DPSO,18335.63984375,1253.0811840016124,16402.072265625,2.204841732978821,0.003898679215654703
C-DPSO,22500.460546875,920.6928252072249,21372.28515625,2.1367225646972656,0.022426164428011763
